URL,Version,Status,OIDs,Name,Title,Description,Uses,Used,Sources
http://hl7.org/fhir/ValueSet/body-site,4.0.1,draft,"2.16.840.1.113883.4.642.3.141",SNOMEDCTBodyStructures,SNOMED CT Body Structures,"This value set includes all codes from [SNOMED CT](http://snomed.info/sct) where concept is-a 442083009 (Anatomical or acquired body site (body structure)).","StructureDefinition/swallowing-screening-result,StructureDefinition/instrumental-swallow-assessment,StructureDefinition/aspiration-risk-flag,StructureDefinition/dysphagia-severity","SCT"
http://hl7.org/fhir/ValueSet/composition-attestation-mode,4.0.1,draft,"2.16.840.1.113883.4.642.3.238",CompositionAttestationMode,CompositionAttestationMode,"The way in which a person authenticated a composition.","StructureDefinition/dysphagia-care-transition-summary","hl7.fhir.r4.core"
http://hl7.org/fhir/ValueSet/composition-status,4.0.1,draft,"2.16.840.1.113883.4.642.3.241",CompositionStatus,CompositionStatus,"The workflow/clinical status of the composition.","StructureDefinition/dysphagia-care-transition-summary","hl7.fhir.r4.core"
http://hl7.org/fhir/ValueSet/data-absent-reason,4.0.1,active,"2.16.840.1.113883.4.642.3.5",DataAbsentReason,DataAbsentReason,"Used to specify why the normally expected content of the data element is missing.","StructureDefinition/swallowing-screening-result,StructureDefinition/instrumental-swallow-assessment,StructureDefinition/aspiration-risk-flag,StructureDefinition/dysphagia-severity","THO"
http://hl7.org/fhir/ValueSet/diet-type,4.0.1,draft,"2.16.840.1.113883.4.642.3.385",DietCodes,Diet Codes,"Codes that can be used to indicate the type of food being ordered for a patient. This value set is provided as a suggestive example. It includes codes from [SNOMED CT](http://snomed.info/sct) where concept is-a 182922004 (Dietary regime (regime/therapy)) ","StructureDefinition/dysphagia-nutrition-order","SCT"
http://hl7.org/fhir/ValueSet/doc-section-codes,4.0.1,draft,"2.16.840.1.113883.4.642.3.237",DocumentSectionCodes,Document Section Codes,"Document section codes (LOINC codes used in CCDA sections).","StructureDefinition/dysphagia-care-transition-summary","LOINC"
http://hl7.org/fhir/ValueSet/doc-typecodes,4.0.1,draft,"2.16.840.1.113883.4.642.3.240",FHIRDocumentTypeCodes,FHIR Document Type Codes,"FHIR Document Codes - all LOINC codes where scale type = 'DOC'.","StructureDefinition/dysphagia-care-transition-summary","LOINC"
http://hl7.org/fhir/ValueSet/document-classcodes,4.0.1,active,"2.16.840.1.113883.3.88.12.80.46",DocumentClassValueSet,Document Class Value Set,"This is the code specifying the high-level kind of document (e.g. Prescription, Discharge Summary, Report, etc.). Note: Class code for documents comes from LOINC, and is based upon one of the following:The type of service described by the document. It is described at a very high level in Section 7.3 of the LOINC Manual. The type study performed. It was determined by identifying modalities for study reports. The section of the chart where the document is placed. It was determined from the SETs created for Claims Attachment requests.","StructureDefinition/dysphagia-care-transition-summary","LOINC"
http://hl7.org/fhir/ValueSet/document-relationship-type,4.0.1,draft,"2.16.840.1.113883.4.642.3.244",DocumentRelationshipType,DocumentRelationshipType,"The type of relationship between documents.","StructureDefinition/dysphagia-care-transition-summary","hl7.fhir.r4.core"
http://hl7.org/fhir/ValueSet/encounter-diet,4.0.1,draft,"2.16.840.1.113883.4.642.3.255",Diet,Diet,"This value set defines a set of codes that can be used to indicate dietary preferences or restrictions a patient may have.","StructureDefinition/dysphagia-nutrition-order","THO"
http://hl7.org/fhir/ValueSet/enteral-route,4.0.1,draft,"2.16.840.1.113883.4.642.3.394",EnteralRouteCodes,Enteral Route Codes,"EnteralRouteOfAdministration: Codes specifying the route of administration of enteral formula.  This value set is composed of HL7 V3 codes and is provided as a suggestive example.","StructureDefinition/dysphagia-nutrition-order","THO (V3)"
http://hl7.org/fhir/ValueSet/entformula-additive,4.0.1,draft,"2.16.840.1.113883.4.642.3.392",EnteralFormulaAdditiveTypeCode,Enteral Formula Additive Type Code,"EnteralFormulaAdditiveType: Codes for the type of modular component such as protein, carbohydrate or fiber to be provided in addition to or mixed with the base formula. This value set is provided as a suggestive example.","StructureDefinition/dysphagia-nutrition-order","THO"
http://hl7.org/fhir/ValueSet/entformula-type,4.0.1,draft,"2.16.840.1.113883.4.642.3.391",EnteralFormulaTypeCodes,Enteral Formula Type Codes,"EnteralFormulaType : Codes for type of enteral formula to be administered to patient.  This value set is composed of SNOMED CT (US Extension) Concepts from SCTID 470581016 (Enteral+supplement feeds hierarchy (product)) and is provided as a suggestive example.","StructureDefinition/dysphagia-nutrition-order","SCT"
http://hl7.org/fhir/ValueSet/food-type,4.0.1,draft,"2.16.840.1.113883.4.642.3.384",FoodTypeCodes,Food Type Codes,"This value set represents codes for types of foods and is provided as a suggestive example. It include codes from [SNOMED CT](http://snomed.info/sct) where concept is-a 255620007 (Foods (substance)).","StructureDefinition/dysphagia-nutrition-order","SCT"
http://hl7.org/fhir/ValueSet/languages,4.0.1,draft,"2.16.840.1.113883.4.642.3.20",CommonLanguages,Common Languages,"This value set includes common codes from BCP-47 (http://tools.ietf.org/html/bcp47)","StructureDefinition/swallowing-screening-result,StructureDefinition/dysphagia-care-transition-summary,StructureDefinition/instrumental-swallow-assessment,StructureDefinition/aspiration-risk-flag,StructureDefinition/dysphagia-nutrition-order,StructureDefinition/dysphagia-severity","hl7.terminology.r4"
http://hl7.org/fhir/ValueSet/list-empty-reason,4.0.1,draft,"2.16.840.1.113883.4.642.3.322",ListEmptyReasons,List Empty Reasons,"General reasons for a list to be empty. Reasons are either related to a summary list (i.e. problem or medication list) or to a workflow related list (i.e. consultation list).","StructureDefinition/dysphagia-care-transition-summary","THO"
http://hl7.org/fhir/ValueSet/list-mode,4.0.1,draft,"2.16.840.1.113883.4.642.3.318",ListMode,ListMode,"The processing mode that applies to this list.","StructureDefinition/dysphagia-care-transition-summary","hl7.fhir.r4.core"
http://hl7.org/fhir/ValueSet/list-order,4.0.1,draft,"2.16.840.1.113883.4.642.3.324",ListOrderCodes,List Order Codes,"Base values for the order of the items in a list resource.","StructureDefinition/dysphagia-care-transition-summary","THO"
http://hl7.org/fhir/ValueSet/modified-foodtype,4.0.1,draft,"2.16.840.1.113883.4.642.3.388",TextureModifiedFoodTypeCodes,Texture Modified Food Type Codes,"TextureModifiedFoodType: Codes for types of foods that are texture-modified. This value set is composed SNOMED CT Concepts from SCTID 255620007 Foods (substance) and is provided as a suggestive example.","StructureDefinition/dysphagia-nutrition-order","SCT"
http://hl7.org/fhir/ValueSet/nutrient-code,4.0.1,draft,"2.16.840.1.113883.4.642.3.386",NutrientModifierCodes,Nutrient Modifier Codes,"NutrientModifier :  Codes for types of nutrients that are being modified such as carbohydrate or sodium.  This value set includes codes from [SNOMED CT](http://snomed.info/sct) where concept is-a 226355009 (Nutrients(substance)), and the concepts for Sodium, Potassium and Fluid. This is provided as a suggestive example.","StructureDefinition/dysphagia-nutrition-order","SCT"
http://hl7.org/fhir/ValueSet/observation-category,4.0.1,draft,"2.16.840.1.113883.4.642.3.403",ObservationCategoryCodes,Observation Category Codes,"Observation Category codes.","StructureDefinition/swallowing-screening-result,StructureDefinition/instrumental-swallow-assessment,StructureDefinition/aspiration-risk-flag,StructureDefinition/dysphagia-severity","THO"
http://hl7.org/fhir/ValueSet/observation-codes,4.0.1,draft,"2.16.840.1.113883.4.642.3.396",LOINCCodes,LOINC Codes,"This value set includes all LOINC codes","StructureDefinition/swallowing-screening-result,StructureDefinition/instrumental-swallow-assessment,StructureDefinition/aspiration-risk-flag,StructureDefinition/dysphagia-severity","LOINC"
http://hl7.org/fhir/ValueSet/observation-interpretation,4.0.1,active,"2.16.840.1.113883.4.642.3.399",ObservationInterpretationCodes,Observation Interpretation Codes,"A categorical assessment, providing a rough qualitative interpretation of the observation value,    such as “normal”/ “abnormal”,”low” / “high”, “better” / “worse”, “susceptible” / “resistant”, “expected”/ “not expected”.    The value set is intended to be for ANY use where coded representation of an interpretation is needed.             Notes:          This is being communicated in v2.x in OBX-8 (Observation Interpretation), in v3 in ObservationInterpretation (CWE) in R1 (Representative Realm) and in FHIR in    Observation.interpretation. Historically these values come from the laboratory domain, and these codes are extensively    used. The value set binding is extensible, so codes outside the value set that are needed for interpretation concepts    (i.e. particular meanings) that are not included in the value set can be used, and these new codes may also be added to    the value set and published in a future version.","StructureDefinition/swallowing-screening-result,StructureDefinition/instrumental-swallow-assessment,StructureDefinition/aspiration-risk-flag,StructureDefinition/dysphagia-severity","THO (V3)"
http://hl7.org/fhir/ValueSet/observation-methods,4.0.1,draft,"2.16.840.1.113883.4.642.3.395",ObservationMethods,Observation Methods,"Observation Method codes from [SNOMED CT](http://snomed.info/sct) where concept is-a 272394005 (Technique (qualifier value)) or is-a 129264002 (Action (qualifier value)) or is-a 386053000 (Evaluation procedure(procedure))","StructureDefinition/swallowing-screening-result,StructureDefinition/instrumental-swallow-assessment,StructureDefinition/aspiration-risk-flag,StructureDefinition/dysphagia-severity","SCT"
http://hl7.org/fhir/ValueSet/observation-status,4.0.1,active,"2.16.840.1.113883.4.642.3.400",ObservationStatus,ObservationStatus,"Codes providing the status of an observation.","StructureDefinition/swallowing-screening-result,StructureDefinition/instrumental-swallow-assessment,StructureDefinition/aspiration-risk-flag,StructureDefinition/dysphagia-severity","hl7.fhir.r4.core"
http://hl7.org/fhir/ValueSet/referencerange-appliesto,4.0.1,draft,"2.16.840.1.113883.4.642.3.407",ObservationReferenceRangeAppliesToCodes,Observation Reference Range Applies To Codes,"This value set defines a set of codes that can be used to indicate the particular target population the reference range applies to.","StructureDefinition/swallowing-screening-result,StructureDefinition/instrumental-swallow-assessment,StructureDefinition/aspiration-risk-flag,StructureDefinition/dysphagia-severity","SCT"
http://hl7.org/fhir/ValueSet/referencerange-meaning,4.0.1,draft,"2.16.840.1.113883.4.642.3.397",ObservationReferenceRangeMeaningCodes,Observation Reference Range Meaning Codes,"This value set defines a set of codes that can be used to indicate the meaning/use of a reference range for a particular target population.","StructureDefinition/swallowing-screening-result,StructureDefinition/instrumental-swallow-assessment,StructureDefinition/aspiration-risk-flag,StructureDefinition/dysphagia-severity","THO"
http://hl7.org/fhir/ValueSet/request-intent,4.0.1,draft,"2.16.840.1.113883.4.642.3.113",RequestIntent,RequestIntent,"Codes indicating the degree of authority/intentionality associated with a request.","StructureDefinition/dysphagia-nutrition-order","hl7.fhir.r4.core"
http://hl7.org/fhir/ValueSet/request-status,4.0.1,draft,"2.16.840.1.113883.4.642.3.111",RequestStatus,RequestStatus,"Codes identifying the lifecycle stage of a request.","StructureDefinition/dysphagia-nutrition-order","hl7.fhir.r4.core"
http://hl7.org/fhir/ValueSet/supplement-type,4.0.1,draft,"2.16.840.1.113883.4.642.3.390",SupplementTypeCodes,Supplement Type Codes,"SupplementType :  Codes for nutritional supplements to be provided to the patient. This value set is composed of SNOMED CT (US Extension) Concepts from SCTID 470581016 (Enteral+supplement feeds hierarchy (product)) and is provided as a suggestive example.","StructureDefinition/dysphagia-nutrition-order","SCT"
http://terminology.hl7.org/ValueSet/v3-ActCode,3.0.0,active,,ActCode,v3 Code System ActCode,"A code specifying the particular kind of Act that the Act-instance represents within its class.  Constraints:  The kind of Act (e.g. physical examination, serum potassium, inpatient encounter, charge financial transaction, etc.) is specified with a code from one of several, typically external, coding systems.  The coding system will depend on the class of Act, such as LOINC for observations, etc. Conceptually, the Act.code must be a specialization of the Act.classCode. This is why the structure of ActClass domain should be reflected in the superstructure of the ActCode domain and then individual codes or externally referenced vocabularies subordinated under these domains that reflect the ActClass structure. Act.classCode and Act.code are not modifiers of each other but the Act.code concept should really imply the Act.classCode concept. For a negative example, it is not appropriate to use an Act.code ""potassium"" together with and Act.classCode for ""laboratory observation"" to somehow mean ""potassium laboratory observation"" and then use the same Act.code for ""potassium"" together with Act.classCode for ""medication"" to mean ""substitution of potassium"". This mutually modifying use of Act.code and Act.classCode is not permitted.","StructureDefinition/dysphagia-care-transition-summary","THO (V3)"
http://terminology.hl7.org/ValueSet/v3-ConfidentialityClassification,2014-03-26,active,"2.16.840.1.113883.1.11.10228",v3.ConfidentialityClassification,V3 Value SetConfidentialityClassification," Set of codes used to value Act.Confidentiality and Role.Confidentiality attribute in accordance with the definition for concept domain ""Confidentiality"".","StructureDefinition/dysphagia-care-transition-summary","THO (V3)"
https://sefatuncer.github.io/stroke-dysphagia-fhir-ig/ValueSet/aspiration-risk-value-vs,1.2.5,active,,AspirationRiskValueVS,Aspiration Event Qualifier,"Optional qualifier for the Aspiration Risk Flag: the observed aspiration event on which the risk determination was based (pulmonary aspiration; silent aspiration as a proposed temporary local code). Does NOT include the at-risk finding itself, which is carried in Observation.code.","StructureDefinition/aspiration-risk-flag","SCT,Internal"
https://sefatuncer.github.io/stroke-dysphagia-fhir-ig/ValueSet/dysphagia-severity-type-vs,1.2.5,active,,DysphagiaSeverityTypeVS,Dysphagia Severity / Oral-Intake Scale Type,"Overall dysphagia severity / functional oral-intake measures for the stroke care transition (DOSS + IDDSI Functional Diet Scale reused from SNOMED; FOIS as a temporary local code pending LOINC/SNOMED submission). DIGEST is deliberately excluded: it is validated for head-and-neck-cancer radiation toxicity, not for stroke, and is surveyed in the coverage assessment only. Its temporary code remains in the local CodeSystem as an upstream-submission candidate.","StructureDefinition/dysphagia-severity","SCT,Internal"
https://sefatuncer.github.io/stroke-dysphagia-fhir-ig/ValueSet/iddsi-fluid-levels,1.2.5,active,,IDDSIFluidLevels,IDDSI Drink/Fluid Consistency Levels (SNOMED CT),"IDDSI drink-axis consistency levels 0–4 (SNOMED CT-embedded IDDSI concepts), for NutritionOrder.oralDiet.fluidConsistencyType. Level 3 is the transitional Moderately Thick concept shared with the food axis.","StructureDefinition/dysphagia-nutrition-order","SCT"
https://sefatuncer.github.io/stroke-dysphagia-fhir-ig/ValueSet/iddsi-food-levels,1.2.5,active,,IDDSIFoodLevels,IDDSI Food Texture Levels (SNOMED CT),"IDDSI food-axis texture levels 4–7 (SNOMED CT-embedded IDDSI concepts), for NutritionOrder.oralDiet.texture.modifier. The IDDSI food axis spans Levels 3–7; Level 3 (Liquidised) is the shared Moderately Thick concept and is not enumerated here, so it is reached through the extensible binding.","StructureDefinition/dysphagia-nutrition-order","SCT"
https://sefatuncer.github.io/stroke-dysphagia-fhir-ig/ValueSet/instrumental-swallow-type-vs,1.2.5,active,,InstrumentalSwallowTypeVS,Instrumental Swallow Assessment Type,"Instrumental swallowing assessments (VFSS/FEES) and associated graded scales (PAS, Yale residue) — SNOMED/LOINC where coded, temporary local codes otherwise.","StructureDefinition/instrumental-swallow-assessment","SCT,Internal,LOINC"
https://sefatuncer.github.io/stroke-dysphagia-fhir-ig/ValueSet/swallow-screening-type-vs,1.2.5,active,,SwallowScreeningTypeVS,Swallowing Screening Type,"Swallowing screening instruments for the stroke care transition (GUSS + Yale Swallow Protocol/3-oz reused from SNOMED; TOR-BSST and EAT-10 as temporary local codes pending LOINC/SNOMED submission). Note that EAT-10 is a patient-reported symptom-severity tool used as a screen rather than a clinician-administered bedside swallow test, and its applicability in acute stroke is limited by aphasia and cognitive impairment.","StructureDefinition/swallowing-screening-result","SCT,Internal"
